{
  "lang":"en",
  "name":"pipeline",
  "version":"0.0.0",
  "spacy_version":">=3.5.1,<3.6.0",
  "description":"",
  "author":"",
  "email":"",
  "url":"",
  "license":"",
  "spacy_git_version":"8153bd573",
  "vectors":{
    "width":0,
    "vectors":0,
    "keys":0,
    "name":null,
    "mode":"default"
  },
  "labels":{
    "tok2vec":[

    ],
    "ner":[
      "Condition",
      "Device",
      "Drug",
      "Informed_consent",
      "Measurement",
      "Mood",
      "Multiplier",
      "Negation",
      "Observation",
      "Person",
      "Post-eligibility",
      "Pregnancy_considerations",
      "Procedure",
      "Qualifier",
      "Reference_point",
      "Temporal",
      "Value",
      "Visit"
    ]
  },
  "pipeline":[
    "tok2vec",
    "ner"
  ],
  "components":[
    "tok2vec",
    "ner"
  ],
  "disabled":[

  ],
  "performance":{
    "ents_f":0.5719389654,
    "ents_p":0.593175853,
    "ents_r":0.5521701638,
    "ents_per_type":{
      "Measurement":{
        "p":0.5479674797,
        "r":0.6556420233,
        "f":0.5969884854
      },
      "Value":{
        "p":0.6050870147,
        "r":0.6766467066,
        "f":0.638869258
      },
      "Condition":{
        "p":0.7034745359,
        "r":0.6965127238,
        "f":0.6999763202
      },
      "Temporal":{
        "p":0.4836065574,
        "r":0.4206773619,
        "f":0.4499523356
      },
      "Drug":{
        "p":0.6621417798,
        "r":0.6513353116,
        "f":0.6566940912
      },
      "Procedure":{
        "p":0.5680933852,
        "r":0.474796748,
        "f":0.5172719221
      },
      "Qualifier":{
        "p":0.3680297398,
        "r":0.2844827586,
        "f":0.3209076175
      },
      "Multiplier":{
        "p":0.3454545455,
        "r":0.2261904762,
        "f":0.273381295
      },
      "Observation":{
        "p":0.2777777778,
        "r":0.1382488479,
        "f":0.1846153846
      },
      "Post-eligibility":{
        "p":0.202247191,
        "r":0.2222222222,
        "f":0.2117647059
      },
      "Informed_consent":{
        "p":0.3939393939,
        "r":0.25,
        "f":0.3058823529
      },
      "Negation":{
        "p":0.4489795918,
        "r":0.34375,
        "f":0.389380531
      },
      "Mood":{
        "p":0.3623188406,
        "r":0.2427184466,
        "f":0.2906976744
      },
      "Person":{
        "p":0.7957746479,
        "r":0.7434210526,
        "f":0.768707483
      },
      "Pregnancy_considerations":{
        "p":0.0909090909,
        "r":0.027027027,
        "f":0.0416666667
      },
      "Visit":{
        "p":0.2727272727,
        "r":0.0882352941,
        "f":0.1333333333
      },
      "Device":{
        "p":0.5849056604,
        "r":0.5081967213,
        "f":0.5438596491
      },
      "Reference_point":{
        "p":0.0,
        "r":0.0,
        "f":0.0
      }
    },
    "tok2vec_loss":17762.6566126456,
    "ner_loss":21030.9902474109
  }
}