{
  "lang":"en",
  "name":"pipeline",
  "version":"0.0.0",
  "spacy_version":">=3.5.1,<3.6.0",
  "description":"",
  "author":"",
  "email":"",
  "url":"",
  "license":"",
  "spacy_git_version":"8153bd573",
  "vectors":{
    "width":0,
    "vectors":0,
    "keys":0,
    "name":null,
    "mode":"default"
  },
  "labels":{
    "tok2vec":[

    ],
    "ner":[
      "Condition",
      "Device",
      "Drug",
      "Informed_consent",
      "Measurement",
      "Mood",
      "Multiplier",
      "Negation",
      "Observation",
      "Person",
      "Post-eligibility",
      "Pregnancy_considerations",
      "Procedure",
      "Qualifier",
      "Reference_point",
      "Temporal",
      "Value",
      "Visit"
    ]
  },
  "pipeline":[
    "tok2vec",
    "ner"
  ],
  "components":[
    "tok2vec",
    "ner"
  ],
  "disabled":[

  ],
  "performance":{
    "ents_f":0.5612131946,
    "ents_p":0.5751559841,
    "ents_r":0.547930401,
    "ents_per_type":{
      "Mood":{
        "p":0.2647058824,
        "r":0.2769230769,
        "f":0.2706766917
      },
      "Qualifier":{
        "p":0.343550447,
        "r":0.3179669031,
        "f":0.3302639656
      },
      "Procedure":{
        "p":0.5131034483,
        "r":0.465,
        "f":0.4878688525
      },
      "Condition":{
        "p":0.6724313327,
        "r":0.7082142857,
        "f":0.6898591059
      },
      "Temporal":{
        "p":0.4724091521,
        "r":0.4724091521,
        "f":0.4724091521
      },
      "Drug":{
        "p":0.6300904977,
        "r":0.6067538126,
        "f":0.6182019978
      },
      "Observation":{
        "p":0.3157894737,
        "r":0.1333333333,
        "f":0.1875
      },
      "Value":{
        "p":0.6353187043,
        "r":0.6488794023,
        "f":0.6420274551
      },
      "Multiplier":{
        "p":0.3119266055,
        "r":0.2575757576,
        "f":0.2821576763
      },
      "Person":{
        "p":0.7530562347,
        "r":0.7586206897,
        "f":0.7558282209
      },
      "Negation":{
        "p":0.487394958,
        "r":0.3473053892,
        "f":0.4055944056
      },
      "Measurement":{
        "p":0.5947901592,
        "r":0.5422163588,
        "f":0.5672877847
      },
      "Visit":{
        "p":0.6,
        "r":0.0769230769,
        "f":0.1363636364
      },
      "Informed_consent":{
        "p":0.2950819672,
        "r":0.24,
        "f":0.2647058824
      },
      "Post-eligibility":{
        "p":0.1509433962,
        "r":0.0707964602,
        "f":0.0963855422
      },
      "Device":{
        "p":0.4594594595,
        "r":0.2575757576,
        "f":0.3300970874
      },
      "Pregnancy_considerations":{
        "p":0.025,
        "r":0.0238095238,
        "f":0.0243902439
      },
      "Reference_point":{
        "p":0.0,
        "r":0.0,
        "f":0.0
      }
    },
    "tok2vec_loss":22664.9344932806,
    "ner_loss":16658.5315728739
  }
}